11,1
1984,1
1985,1
1986,1
1988,5
1990,2
30,1
@drradchenko,1
abandoning,1
about-face,1
abrupt,1
afford,1
agreed,1
alliances,1
allies,4
allowed,1
american,1
americans,1
angeles,1
antonio,1
arsenal,1
attack,1
aware,1
bach,1
beijing,3
belt,1
berlin,1
betrayal,1
bid,1
big,1
billed,1
bit,1
blame,1
bloc,2
bluff,1
bomb,1
boss,1
boycott,1
boycotted,1
brainchild,1
breakthrough,1
bridges,1
bring,1
brink,2
brought,1
building,1
capital,1
capitalism,1
capitulation,1
cardiff,1
carefully,1
carrot,1
cash,1
chance,1
chances,1
changed,1
charade,1
charm,1
chinese,2
choice,1
chun,3
circumstances,1
clear,1
close,1
clout,1
co-hosting,1
cold,2
collapse,1
committee,2
communist,2
complaints,1
confident,1
conflagration,1
contact,1
contacts,2
continued,1
counterpart,1
countries,3
country,1
cover,1
crafted,1
crawling,1
credits,1
crisis,2
curry,1
cynical,1
damage,1
dana/ap,1
dangled,1
daunting,1
deaf,1
deal,1
december,1
decided,1
deepening,1
deeply,1
defiance,1
delegation,2
demurred,1
destroy,1
deterrent,1
develop,1
dialogue,4
dialogues,1
diplomatic,2
dire,1
directly,1
disingenuous,1
dividing,1
don’t,1
doo-hwan,1
doubt,2
drummed,1
ears,1
east,1
economic,4
economy,1
eduard,1
effect,1
effort,1
efforts,2
emerged,1
end,3
enjoyed,1
environment,1
escalated,1
exchange,1
expect,1
expectation,1
experience,1
explain,1
explained,1
explosive,1
extended,1
face,1
faced,1
faces,1
failed,1
failure,1
fairly,1
fallout,1
faltering,1
fate,2
favor,1
fearful,1
february,1
fed,1
felipe,1
fell,1
figurehead,1
flew,1
follow,1
force,1
foreign,5
fortuitous,1
forward,1
francisco,1
functionaries,1
games,12
generous,1
genuine,1
germany,1
ghost,1
gist,1
give,1
gorbachev,4
gorbachev’s,1
grandfather,1
growing,2
haven’t,1
head,2
heading,1
heavyweight,1
helped,1
history,1
hockey,1
hope,2
hoped,1
host,1
idea,1
ideals,1
il,3
imminent,1
imperialism,1
important,2
improved,1
indication,1
inevitable,1
inevitably,1
insecure,1
intention,1
intents,1
inter-korean,1
interests,1
international,3
intransigence,1
invitation,1
invoking,1
involved,1
ioc,1
isolation,1
jae-in,2
january,1
join,1
jong,3
juan,1
june,1
kim,24
kim’s,2
korea,20
korean,15
koreans,7
koreas,2
korea’s,4
lausanne,2
lead,1
leader,1
leaders,1
leadership,1
leader”,1
left,1
letting,1
leverage,1
lied,1
lifetime,1
limiting,1
litany,1
long,1
long-term,1
longer,1
los,1
lost,1
luxury,1
lying,1
macabre,1
made,1
meet,1
messenger,1
met,1
mikhail,1
minister,3
miss,1
moment,1
moon,4
moscow,4
mouth,1
move,1
moved,1
nam,9
negotiate,2
newbie,1
nightmare,1
nominal,1
nonagenarian,1
nordpolitik,2
normalize,1
north,24
north-south,1
northern,1
nuclear,4
offensive,1
olympic,5
olympics,8
opening,1
opportunity,5
parallel,1
pariah,1
part,2
participation,1
past,2
peninsula,3
perspective,1
place,3
planet,1
players,1
playing,1
plead,1
point,1
policy,2
political,4
politicians,1
politics,2
posed,1
potent,1
potential,2
power,1
pragmatic,1
presence,1
presentation,1
president,5
prevailing,1
principles,1
privately,2
problematic,1
professor,1
promising,1
prop,1
protestation,1
public,1
pure,1
purge,1
purposes,1
pursue,1
put,1
pyeongchang,2
pyongyang,8
pyongyang’s,2
radchenko,2
rapidly,1
rapprochement,1
rare,1
reaching,1
read,1
realities,1
reform-minded,1
refused,1
regime,3
regime”,1
relations,5
reluctantly,1
remarkably,1
responded,1
restart,1
retrospect,1
return,2
roh,3
roh’s,2
ruin,2
russians,2
samaranch,1
san,1
saturday,1
scare,1
scenarios,1
secret,1
secure,1
seeking,1
seoul,6
seoul’s,1
sergey,2
served,1
shame,1
sharing,2
shevardnadze,5
show,1
shows,1
sidekick,1
similar,1
sister,1
situation,1
skeptical,1
slippery,1
slope,1
small,1
socialism,2
socialist,4
solidarity,1
solve,1
south,18
soviet,6
soviet-american,1
soviets,2
spent,1
sports,1
spun,1
stability,1
stalling,1
starts,1
state,3
states,1
stood,1
strategy,1
strengthen,1
suffer,1
summer,1
sung,2
sung’s,1
support,2
surprise,1
survive,1
survivor,1
swift,1
switched,1
switzerland,2
symbol,1
table,1
tae-woo,1
tale,1
talk,1
talking,1
tall,1
team,1
tensions,2
tests,1
thaw,1
then-south,1
thing,1
thirty,1
thomas,1
thought,1
tiger’s,1
time,3
timid,1
told,3
tottering,1
tracks,1
turn,1
turned,1
undermine,1
unified,1
union,1
united,1
universes,1
university,1
unlike,1
unreasonable,1
unsmiling,1
un’s,1
usa,1
version,1
vilified,1
visit,1
walk,1
wall,1
wanted,2
war,6
war’s,1
ways,2
wealth,1
western,1
whims,1
winter,1
womens,1
won,1
won’t,1
world,7
worried,1
wrong,1
years,3
yo,1
yong,9
…,1
“and,1
“do,1
“great,1
“is,1
“no,1
“of,1
“president,1
“puppet,1
“real”,1
“the,2
“this,1
“wobbly,1
—,7
